asset_id,name,segment,operator,throughput_ch4_kg_yr,throughput_source,customer_share,confirmed,state,entity,gas_mcf_yr,oil_bbl_yr,source,fac_type
prod-30-015-20599,Well 30-015-20599,production,"HARVARD PETROLEUM COMPANY, LLC",0.0,"OGIM v3.0 production record 30-015-20599, 2022, 0 Mcf gas [ogim]",1.0,True,NEW MEXICO,WELL,0.0,917.0,ogim-gpkg,
prod-30-015-21229,Well 30-015-21229,production,"HARVARD PETROLEUM COMPANY, LLC",33620.9775522192,"OGIM v3.0 production record 30-015-21229, 2022, 1990 Mcf gas [ogim]",1.0,True,NEW MEXICO,WELL,1990.0,0.0,ogim-gpkg,
prod-30-015-27101,Well 30-015-27101,production,"HARVARD PETROLEUM COMPANY, LLC",170639.13230020803,"OGIM v3.0 production record 30-015-27101, 2022, 10100 Mcf gas [ogim]",1.0,True,NEW MEXICO,WELL,10100.0,506.0,ogim-gpkg,
prod-30-015-27103,Well 30-015-27103,production,"HARVARD PETROLEUM COMPANY, LLC",174018.125019024,"OGIM v3.0 production record 30-015-27103, 2022, 10300 Mcf gas [ogim]",1.0,True,NEW MEXICO,WELL,10300.0,3300.0,ogim-gpkg,
prod-30-015-27198,Well 30-015-27198,production,"HARVARD PETROLEUM COMPANY, LLC",69607.2500076096,"OGIM v3.0 production record 30-015-27198, 2022, 4120 Mcf gas [ogim]",1.0,True,NEW MEXICO,WELL,4120.0,2050.0,ogim-gpkg,
prod-30-015-27199,Well 30-015-27199,production,"HARVARD PETROLEUM COMPANY, LLC",131611.7663978832,"OGIM v3.0 production record 30-015-27199, 2022, 7790 Mcf gas [ogim]",1.0,True,NEW MEXICO,WELL,7790.0,7220.0,ogim-gpkg,
prod-30-015-27374,Well 30-015-27374,production,"HARVARD PETROLEUM COMPANY, LLC",111675.7093568688,"OGIM v3.0 production record 30-015-27374, 2022, 6610 Mcf gas [ogim]",1.0,True,NEW MEXICO,WELL,6610.0,1780.0,ogim-gpkg,
prod-30-015-27382,Well 30-015-27382,production,"HARVARD PETROLEUM COMPANY, LLC",177397.11773784002,"OGIM v3.0 production record 30-015-27382, 2022, 10500 Mcf gas [ogim]",1.0,True,NEW MEXICO,WELL,10500.0,2270.0,ogim-gpkg,
prod-30-015-27385,Well 30-015-27385,production,"HARVARD PETROLEUM COMPANY, LLC",64200.86165750401,"OGIM v3.0 production record 30-015-27385, 2022, 3800 Mcf gas [ogim]",1.0,True,NEW MEXICO,WELL,3800.0,1290.0,ogim-gpkg,
prod-30-015-27391,Well 30-015-27391,production,OXY USA INC,3902.73659023248,"OGIM v3.0 production record 30-015-27391, 2022, 231 Mcf gas [ogim]",1.0,True,NEW MEXICO,WELL,231.0,0.0,ogim-gpkg,
prod-30-015-27412,Well 30-015-27412,production,OXY USA INC,82785.321610992,"OGIM v3.0 production record 30-015-27412, 2022, 4900 Mcf gas [ogim]",1.0,True,NEW MEXICO,WELL,4900.0,760.0,ogim-gpkg,
prod-30-015-27706,Well 30-015-27706,production,"HARVARD PETROLEUM COMPANY, LLC",85319.56615010402,"OGIM v3.0 production record 30-015-27706, 2022, 5050 Mcf gas [ogim]",1.0,True,NEW MEXICO,WELL,5050.0,941.0,ogim-gpkg,
prod-30-015-27707,Well 30-015-27707,production,"HARVARD PETROLEUM COMPANY, LLC",7180.359527484001,"OGIM v3.0 production record 30-015-27707, 2022, 425 Mcf gas [ogim]",1.0,True,NEW MEXICO,WELL,425.0,560.0,ogim-gpkg,
prod-30-015-27729,Well 30-015-27729,production,"HARVARD PETROLEUM COMPANY, LLC",21625.553400422403,"OGIM v3.0 production record 30-015-27729, 2022, 1280 Mcf gas [ogim]",1.0,True,NEW MEXICO,WELL,1280.0,775.0,ogim-gpkg,
prod-30-015-29332,Well 30-015-29332,production,OXY USA INC,24666.646847356802,"OGIM v3.0 production record 30-015-29332, 2022, 1460 Mcf gas [ogim]",1.0,True,NEW MEXICO,WELL,1460.0,693.0,ogim-gpkg,
prod-30-025-32202,Well 30-025-32202,production,"HARVARD PETROLEUM COMPANY, LLC",117926.8458866784,"OGIM v3.0 production record 30-025-32202, 2022, 6980 Mcf gas [ogim]",1.0,True,NEW MEXICO,WELL,6980.0,6700.0,ogim-gpkg,
prod-30-025-32399,Well 30-025-32399,production,"HARVARD PETROLEUM COMPANY, LLC",100525.033384776,"OGIM v3.0 production record 30-025-32399, 2022, 5950 Mcf gas [ogim]",1.0,True,NEW MEXICO,WELL,5950.0,4430.0,ogim-gpkg,
prod-30-025-32504,Well 30-025-32504,production,"HARVARD PETROLEUM COMPANY, LLC",488264.447868912,"OGIM v3.0 production record 30-025-32504, 2022, 28900 Mcf gas [ogim]",1.0,True,NEW MEXICO,WELL,28900.0,8960.0,ogim-gpkg,
prod-30-025-32613,Well 30-025-32613,production,"HARVARD PETROLEUM COMPANY, LLC",206118.55584777604,"OGIM v3.0 production record 30-025-32613, 2022, 12200 Mcf gas [ogim]",1.0,True,NEW MEXICO,WELL,12200.0,2270.0,ogim-gpkg,
prod-30-025-33103,Well 30-025-33103,production,"HARVARD PETROLEUM COMPANY, LLC",157123.161424944,"OGIM v3.0 production record 30-025-33103, 2022, 9300 Mcf gas [ogim]",1.0,True,NEW MEXICO,WELL,9300.0,3730.0,ogim-gpkg,
prod-30-025-36467,Well 30-025-36467,production,"HARVARD PETROLEUM COMPANY, LLC",182465.606816064,"OGIM v3.0 production record 30-025-36467, 2022, 10800 Mcf gas [ogim]",1.0,True,NEW MEXICO,WELL,10800.0,980.0,ogim-gpkg,
prod-30-025-39585,Well 30-025-39585,production,"HARVARD PETROLEUM COMPANY, LLC",199360.570410144,"OGIM v3.0 production record 30-025-39585, 2022, 11800 Mcf gas [ogim]",1.0,True,NEW MEXICO,WELL,11800.0,3600.0,ogim-gpkg,
prod-30-025-42993,Well 30-025-42993,production,"DEVON ENERGY PRODUCTION COMPANY, LP",1370181.5474798882,"OGIM v3.0 production record 30-025-42993, 2022, 81100 Mcf gas [ogim]",1.0,True,NEW MEXICO,WELL,81100.0,16800.0,ogim-gpkg,
prod-30-025-42996,Well 30-025-42996,production,"DEVON ENERGY PRODUCTION COMPANY, LP",1322875.6494164641,"OGIM v3.0 production record 30-025-42996, 2022, 78300 Mcf gas [ogim]",1.0,True,NEW MEXICO,WELL,78300.0,23700.0,ogim-gpkg,
prod-30-025-43159,Well 30-025-43159,production,"DEVON ENERGY PRODUCTION COMPANY, LP",1180957.955226192,"OGIM v3.0 production record 30-025-43159, 2022, 69900 Mcf gas [ogim]",1.0,True,NEW MEXICO,WELL,69900.0,24600.0,ogim-gpkg,
prod-30-025-43449,Well 30-025-43449,production,"DEVON ENERGY PRODUCTION COMPANY, LP",745067.8944989281,"OGIM v3.0 production record 30-025-43449, 2022, 44100 Mcf gas [ogim]",1.0,True,NEW MEXICO,WELL,44100.0,20200.0,ogim-gpkg,
prod-30-025-43758,Well 30-025-43758,production,"COG PRODUCTION, LLC",5254333.67775888,"OGIM v3.0 production record 30-025-43758, 2022, 311000 Mcf gas [ogim]",1.0,True,NEW MEXICO,WELL,311000.0,3100.0,ogim-gpkg,
prod-30-025-44042,Well 30-025-44042,production,OXY USA INC,3041093.4469344,"OGIM v3.0 production record 30-025-44042, 2022, 180000 Mcf gas [ogim]",1.0,True,NEW MEXICO,WELL,180000.0,37300.0,ogim-gpkg,
prod-30-025-44064,Well 30-025-44064,production,OXY USA INC,2787668.9930232004,"OGIM v3.0 production record 30-025-44064, 2022, 165000 Mcf gas [ogim]",1.0,True,NEW MEXICO,WELL,165000.0,35500.0,ogim-gpkg,
prod-30-025-44065,Well 30-025-44065,production,OXY USA INC,4071686.2261732803,"OGIM v3.0 production record 30-025-44065, 2022, 241000 Mcf gas [ogim]",1.0,True,NEW MEXICO,WELL,241000.0,46400.0,ogim-gpkg,
prod-30-025-44101,Well 30-025-44101,production,OXY USA INC,10711406.918646721,"OGIM v3.0 production record 30-025-44101, 2022, 634000 Mcf gas [ogim]",1.0,True,NEW MEXICO,WELL,634000.0,33000.0,ogim-gpkg,
prod-30-025-44183,Well 30-025-44183,production,OXY USA INC,10339717.71957696,"OGIM v3.0 production record 30-025-44183, 2022, 612000 Mcf gas [ogim]",1.0,True,NEW MEXICO,WELL,612000.0,35400.0,ogim-gpkg,
prod-30-025-44185,Well 30-025-44185,production,OXY USA INC,3615522.2091331203,"OGIM v3.0 production record 30-025-44185, 2022, 214000 Mcf gas [ogim]",1.0,True,NEW MEXICO,WELL,214000.0,37700.0,ogim-gpkg,
prod-30-025-44195,Well 30-025-44195,production,OXY USA INC,3243833.0100633604,"OGIM v3.0 production record 30-025-44195, 2022, 192000 Mcf gas [ogim]",1.0,True,NEW MEXICO,WELL,192000.0,67800.0,ogim-gpkg,
prod-30-025-44196,Well 30-025-44196,production,OXY USA INC,1773971.1773784002,"OGIM v3.0 production record 30-025-44196, 2022, 105000 Mcf gas [ogim]",1.0,True,NEW MEXICO,WELL,105000.0,55600.0,ogim-gpkg,
prod-30-025-44559,Well 30-025-44559,production,OXY USA INC,2162555.34004224,"OGIM v3.0 production record 30-025-44559, 2022, 128000 Mcf gas [ogim]",1.0,True,NEW MEXICO,WELL,128000.0,58300.0,ogim-gpkg,
prod-30-025-44560,Well 30-025-44560,production,OXY USA INC,2804563.9566172804,"OGIM v3.0 production record 30-025-44560, 2022, 166000 Mcf gas [ogim]",1.0,True,NEW MEXICO,WELL,166000.0,64900.0,ogim-gpkg,
prod-30-025-44561,Well 30-025-44561,production,OXY USA INC,4257530.82570816,"OGIM v3.0 production record 30-025-44561, 2022, 252000 Mcf gas [ogim]",1.0,True,NEW MEXICO,WELL,252000.0,72700.0,ogim-gpkg,
prod-30-025-45862,Well 30-025-45862,production,OXY USA INC,6200451.63902736,"OGIM v3.0 production record 30-025-45862, 2022, 367000 Mcf gas [ogim]",1.0,True,NEW MEXICO,WELL,367000.0,91500.0,ogim-gpkg,
prod-30-025-45863,Well 30-025-45863,production,OXY USA INC,3835156.73585616,"OGIM v3.0 production record 30-025-45863, 2022, 227000 Mcf gas [ogim]",1.0,True,NEW MEXICO,WELL,227000.0,81800.0,ogim-gpkg,
prod-30-025-46110,Well 30-025-46110,production,OXY USA INC,8751591.14173344,"OGIM v3.0 production record 30-025-46110, 2022, 518000 Mcf gas [ogim]",1.0,True,NEW MEXICO,WELL,518000.0,160000.0,ogim-gpkg,
prod-30-025-46111,Well 30-025-46111,production,OXY USA INC,7788578.216870881,"OGIM v3.0 production record 30-025-46111, 2022, 461000 Mcf gas [ogim]",1.0,True,NEW MEXICO,WELL,461000.0,134000.0,ogim-gpkg,
prod-30-025-46112,Well 30-025-46112,production,OXY USA INC,7856158.071247201,"OGIM v3.0 production record 30-025-46112, 2022, 465000 Mcf gas [ogim]",1.0,True,NEW MEXICO,WELL,465000.0,144000.0,ogim-gpkg,
gathering-0,SAND DUNES BOOSTER STATION,gathering,DCP MIDSTREAM LP,,no throughput in OGIM; user must supply (SPEC 4b),1.0,True,,,,,ogim-gpkg,GATHERING COMPRESSOR STATION
user-82767f12,production pad cluster A,production,unknown,,drawn by the user; throughput must be supplied,1.0,True,,,,,area-file,
user-04a66447,production pad cluster B,production,unknown,,drawn by the user; throughput must be supplied,1.0,True,,,,,area-file,
user-22425a8f,gathering compressor,gathering,unknown,,drawn by the user; throughput must be supplied,1.0,True,,,,,area-file,
